category,link,title
"Markets,Economy,
Economy,Politics,Economy,
Markets,Politics,Politics,Lifestyle,Lifestyle,
TECH,TECH,REAL ESTATE,Economy,CORONAVIRUS,Real Estate,Industrials,Markets,Politics,Lifestyle,Lifestyle,Lifestyle,Business Leaders,Real Estate,FOOD AND DRINKS,Economy,TECH,Economy,Economy,Markets,Money,Economy,Real Estate,Personal Finance,Economy,Markets,Industrials,Economy,Politics,Lifestyle,Economy,FORD,
,
","https://www.foxbusiness.com/economy/larry-kudlow-warns-biden-tax-plan-would-ignite-class-warfare,https://www.foxbusiness.com/economy/ever-given-container-ship-stuck-in-suez-canal-partially-refloated,https://www.foxbusiness.com/politics/biden-administration-working-on-covid-19-passports-to-enable-american-travel,https://www.foxbusiness.com/economy/coronavirus-was-supposed-to-drive-bankruptcies-higher-the-opposite-happened,https://www.foxbusiness.com/markets/credit-suisse-warns-on-highly-significant-loss-tied-to-hedge-fund,https://www.foxbusiness.com/politics/florida-gov-desantis-threatens-to-sue-fed-if-they-dont-lift-no-sail-ban-by-the-summer,https://www.foxbusiness.com/politics/silicon-valley-gavin-newsom-recall-oppose,https://www.foxbusiness.com/lifestyle/moats-trampolines-and-crazy-pools-the-wildest-requests-pro-landscapers-have-fielded,https://www.foxbusiness.com/lifestyle/maryland-witches-stairs-alternate-tread-staircase,https://www.foxbusiness.com/technology/amazon-workers-pee-water-bottles,https://www.foxbusiness.com/technology/robocalls-back-how-to-stop-them,https://www.foxbusiness.com/lifestyle/redfin-moving-metro-area,https://www.foxbusiness.com/economy/buttigieg-vehicle-miles-tax-infrastructure,https://www.foxbusiness.com/lifestyle/mall-face-financial-woes-from-theme-park-investments-but-vaccine-rollout-gives-hope,https://www.foxbusiness.com/real-estate/jerry-seinfeld-asking-million-27-acre-colorado-property,https://www.foxbusiness.com/industrials/biden-administration-will-impose-new-regulations-on-meat-industry-expert-warns,https://www.foxbusiness.com/markets/suez-canal-egypt-european-tugboats-ship-stuck,https://www.foxbusiness.com/politics/new-trade-representative-says-us-isnt-ready-to-lift-china-tariffs,https://www.foxbusiness.com/lifestyle/marriott-ceo-jobs-company-actively-hiring,https://www.foxbusiness.com/lifestyle/some-alaska-costco-shoppers-say-ravens-steal-their-groceries,https://www.foxbusiness.com/lifestyle/virtual-learning-students-cheating,https://www.foxbusiness.com/business-leaders/eric-spinato-friend-colleague-and-beloved-by-all,https://www.foxbusiness.com/real-estate/what-you-can-get-1-million-bend-oregon,https://www.foxbusiness.com/lifestyle/british-airways-first-class-meal-kits,https://www.foxbusiness.com/economy/suez-canal-effect-prices-us-economy,https://www.foxbusiness.com/technology/big-techs-outsized-influence-draws-state-level-pushback,https://www.foxbusiness.com/economy/suez-canal-ship-new-attempts,https://www.foxbusiness.com/economy/amazon-sanders-minimum-wage-warren-loopholes,https://www.foxbusiness.com/markets/deutsche-bank-can-sue-madoff-feeder-funds-over-1-6b-claims-sale,https://www.foxbusiness.com/money/15-hour-minimum-wage-could-further-sting-teen-employment,https://www.foxbusiness.com/economy/stimulus-checks-for-30m-social-security-recipients-could-go-out-soon-after-delay,https://www.foxbusiness.com/real-estate/bing-crosby-bay-area-home-hits-market,https://www.foxbusiness.com/personal-finance/americans-medical-bills-debt-decline,https://www.foxbusiness.com/economy/irs-says-face-masks-hand-sanitizer-are-tax-deductible-medical-expenses,https://www.foxbusiness.com/markets/sofi-to-allow-members-to-buy-into-ipos,https://www.foxbusiness.com/industrials/boeing-resumes-787-dreamliner-deliveries,https://www.foxbusiness.com/economy/states-taxing-business-on-federal-jobs-relief-package,https://www.foxbusiness.com/politics/california-fed-up-with-democrats-can-flip-from-blue-to-red-state-ric-grenell,https://www.foxbusiness.com/lifestyle/justices-say-accident-victims-can-sue-ford-in-state-courts,https://www.foxbusiness.com/economy/elizabeth-warren-clashes-with-amazon-over,https://www.foxbusiness.com/lifestyle/ford-f-150-factory-idle-this-weekend-due-to-chip-shortage,https://video.foxbusiness.com/v/6244672842001/?playlist_id=3601801609001,https://video.foxbusiness.com/v/6244670558001/?playlist_id=3601801609001,https://video.foxbusiness.com/v/6244642121001/?playlist_id=3601801609001,https://video.foxbusiness.com/v/6244627234001/?playlist_id=3601801609001,https://video.foxbusiness.com/v/6243951003001/?playlist_id=3601801609001,//www.foxbusiness.com/markets/stocks-futures-slide-as-banks-warn-of-significant-losses-tied-to-hedge-funds-liquidation,//www.foxbusiness.com/markets/credit-suisse-warns-on-highly-significant-loss-tied-to-hedge-fund,//www.foxbusiness.com/markets/what-to-watch-week-march-28,//www.foxbusiness.com/markets/stock-futures-drop-as-banks-warn-of-losses,//www.foxbusiness.com/markets/suez-canal-egypt-european-tugboats-ship-stuck,//www.foxbusiness.com/money/cant-afford-mortgage-now-what-to-do,//www.foxbusiness.com/money/15-hour-minimum-wage-could-further-sting-teen-employment,//www.foxbusiness.com/money/how-to-help-adult-kids-build-credit,//www.foxbusiness.com/money/buy-land-home-factors,//www.foxbusiness.com/money/how-biden-higher-taxes-can-hurt-markets-your-investments,//www.foxbusiness.com/lifestyle/moats-trampolines-and-crazy-pools-the-wildest-requests-pro-landscapers-have-fielded,//www.foxbusiness.com/lifestyle/marriott-ceo-jobs-company-actively-hiring,//www.foxbusiness.com/lifestyle/maryland-witches-stairs-alternate-tread-staircase,//www.foxbusiness.com/lifestyle/virtual-learning-students-cheating,//www.foxbusiness.com/lifestyle/mall-face-financial-woes-from-theme-park-investments-but-vaccine-rollout-gives-hope,//www.foxbusiness.com/real-estate/jerry-seinfeld-asking-million-27-acre-colorado-property,//www.foxbusiness.com/real-estate/bing-crosby-bay-area-home-hits-market,//www.foxbusiness.com/real-estate/what-you-can-get-1-million-bend-oregon,//www.foxbusiness.com/real-estate/steve-wynn-company-flips-palm-beach-florida-home-for-5-2m-profit-after-3-months,//www.foxbusiness.com/real-estate/billionaire-in-n-out-heiress-lists-california-mansion-17m,//video.foxbusiness.com/v/6237025987001/,//www.foxbusiness.com/real-estate/valentino-sued-for-207m-for-pandemic-closing-of-its-manhattan-boutique,//www.foxbusiness.com/media/roku-taps-quibi-to-fight-streaming-wars-as-it-hunts-for-other-content-deals,//www.foxbusiness.com/energy/carl-icahn-eyes-scandal-mired-firstenergy,//www.foxbusiness.com/economy/ceo-confidence-in-u-s-economic-outlook-reaches-17-year-high,//www.foxbusiness.com/technology/amazon-workers-pee-water-bottles,//www.foxbusiness.com/technology/big-techs-outsized-influence-draws-state-level-pushback,//www.foxbusiness.com/technology/robocalls-back-how-to-stop-them,//www.foxbusiness.com/technology/microsoft-discord-discuss-10b-deal,//www.foxbusiness.com/technology/scalise-dorsey-ny-post-hunter-biden,//www.foxbusiness.com/sports/atlanta-magic-city-kitchen-lou-williams-hawks,//www.foxbusiness.com/sports/mlb-fernando-tatis-jr-nft-padres,//www.foxbusiness.com/sports/abilene-christian-ncaa-tournament-march-madness-payout,//www.foxbusiness.com/sports/nike-denies-textiles-uyghur-muslim-camps-china,//www.foxbusiness.com/sports/some-nfl-veterans-prosper-as-business-season-begins,//www.foxbusiness.com/economy/ppp-loans-extended-for-small-businesses-until-may-31,//www.foxbusiness.com/small-business/virginia-restaurant-owner-covid-orders-coronavirus-threat,//www.foxbusiness.com/economy/states-taxing-business-on-federal-jobs-relief-package,//www.foxbusiness.com/politics/nyc-billboard-rips-bidens-reported-tax-hike-proposal-for-small-businesses,//www.foxbusiness.com/small-business/new-sba-head-plans-changes-at-agency-focus-now-is-covid-19,//www.foxbusiness.com/money/cant-afford-mortgage-now-what-to-do,//www.foxbusiness.com/economy/coronavirus-was-supposed-to-drive-bankruptcies-higher-the-opposite-happened,//www.foxbusiness.com/personal-finance/americans-medical-bills-debt-decline,//www.foxbusiness.com/money/how-to-help-adult-kids-build-credit,//www.foxbusiness.com/money/buy-land-home-factors,//www.foxbusiness.com/real-estate/jerry-seinfeld-asking-million-27-acre-colorado-property,//www.foxbusiness.com/real-estate/bing-crosby-bay-area-home-hits-market,//www.foxbusiness.com/real-estate/what-you-can-get-1-million-bend-oregon,//www.foxbusiness.com/real-estate/steve-wynn-company-flips-palm-beach-florida-home-for-5-2m-profit-after-3-months,//www.foxbusiness.com/real-estate/shaq-re-lists-florida-home-after-sale-falls-through,//www.foxbusiness.com/politics/silicon-valley-gavin-newsom-recall-oppose,//www.foxbusiness.com/real-estate/jerry-seinfeld-asking-million-27-acre-colorado-property,//www.foxbusiness.com/real-estate/bing-crosby-bay-area-home-hits-market,//www.foxbusiness.com/real-estate/steve-wynn-company-flips-palm-beach-florida-home-for-5-2m-profit-after-3-months,//www.foxbusiness.com/real-estate/shaq-re-lists-florida-home-after-sale-falls-through,//www.foxbusiness.com/lifestyle/facebook-future-smart-glasses-mark-zuckerberg-says-teleport-you,//www.foxbusiness.com/economy/best-buy-restocks-ps5-and-xbox-consoles-sells-out-in-hours-amid-global-shortage,//www.foxbusiness.com/lifestyle/ford-trucks-generators-texas-homes-winter-storm-power-outages,//www.foxbusiness.com/lifestyle/ford-f-150-production-chip-shortage,//www.foxbusiness.com/lifestyle/gm-chip-shortage-production-factories,//www.foxbusiness.com/money/cant-afford-mortgage-now-what-to-do,//www.foxbusiness.com/money/how-to-help-adult-kids-build-credit,//www.foxbusiness.com/money/buy-land-home-factors,//www.foxbusiness.com/money/todays-mortgage-refinance-rates-march-26-2021,//www.foxbusiness.com/money/todays-mortgage-rates-march-26-2021,//www.foxbusiness.com/lifestyle/facebook-future-smart-glasses-mark-zuckerberg-says-teleport-you,//www.foxbusiness.com/sports/nba-forms-blockchain-advisory-committee-mark-cuban-other-team-owners,//www.foxbusiness.com/economy/crypto-industry-to-biden-we-do-more-than-finance-criminal-enterprises,//www.foxbusiness.com/technology/flying-taxi-network-la-take-off-soon-archer,//www.foxbusiness.com/technology/ai-panel-urges-us-to-boost-tech-skills-amid-chinas-rise,//www.foxbusiness.com/lifestyle/virtual-learning-students-cheating,//www.foxbusiness.com/money/older-americans-student-loan-debt-refinance,//www.foxbusiness.com/money/university-of-phoenix-students-refunded-for-false-ads-touting-job-opportunities-with-microsoft-twitter,//www.foxbusiness.com/money/tips-on-making-extra-student-loan-payments,//video.foxnews.com/v/6242188337001/,//www.foxbusiness.com/money/cant-afford-mortgage-now-what-to-do,//www.foxbusiness.com/real-estate/what-you-can-get-1-million-bend-oregon,//www.foxbusiness.com/lifestyle/redfin-moving-metro-area,//www.foxbusiness.com/money/buy-land-home-factors,//www.foxbusiness.com/real-estate/billionaire-in-n-out-heiress-lists-california-mansion-17m,//video.foxbusiness.com/v/6224607017001/,//video.foxbusiness.com/v/6224580580001/,//video.foxbusiness.com/v/6203956945001/,//video.foxbusiness.com/v/6187976834001/,//video.foxbusiness.com/v/6185600403001/,//www.foxbusiness.com/markets/hong-kong-protests-photos-from-the-front-lines-as-china-marks-its-70th-anniversary,//www.foxbusiness.com/money/eric-trump-american-dream-alive-and-well,//www.foxbusiness.com/money/judge-dismisses-high-tax-states-lawsuit-against-trump-tax-deduction-limits,//www.foxbusiness.com/money/bernie-sanders-income-inequality-tax-plan-ceos,//www.foxbusiness.com/money/rudy-giuliani-whistleblower-bribery-accusations-biden,//www.foxbusiness.com/business-leaders/czech-billionaire-kellner-killed-in-alaska-helicopter-crash,//www.foxbusiness.com/lifestyle/marriott-ceo-jobs-company-actively-hiring,//www.foxbusiness.com/politics/silicon-valley-gavin-newsom-recall-oppose,//www.foxbusiness.com/technology/amazon-workers-pee-water-bottles,//www.foxbusiness.com/business-leaders/eric-spinato-friend-colleague-and-beloved-by-all,//www.foxbusiness.com/politics/biden-administration-working-on-covid-19-passports-to-enable-american-travel,//www.foxbusiness.com/lifestyle/marriott-ceo-jobs-company-actively-hiring,//www.foxbusiness.com/lifestyle/british-airways-first-class-meal-kits,//www.foxbusiness.com/lifestyle/redfin-moving-metro-area,//www.foxbusiness.com/lifestyle/caesars-puts-pandemic-losses-at-2b-wants-insurers-to-pay,//www.foxbusiness.com/markets/stocks-futures-slide-as-banks-warn-of-significant-losses-tied-to-hedge-funds-liquidation,//www.foxbusiness.com/markets/stocks-financials-airlines-tech-earnings-oil-gold,//www.foxbusiness.com/markets/sofi-to-allow-members-to-buy-into-ipos,//www.foxbusiness.com/markets/wework-agrees-to-9b-spac-deal-in-push-for-stock-market-listing,//www.foxbusiness.com/lifestyle/suez-canal-blockage-forces-operators-to-reroute-ships,//www.foxbusiness.com/lifestyle/some-alaska-costco-shoppers-say-ravens-steal-their-groceries,//www.foxbusiness.com/lifestyle/british-airways-first-class-meal-kits,//www.foxbusiness.com/sports/atlanta-magic-city-kitchen-lou-williams-hawks,//www.foxbusiness.com/real-estate/billionaire-in-n-out-heiress-lists-california-mansion-17m,//www.foxbusiness.com/lifestyle/costco-easter-dinner-2021-delivery-cost,//www.foxbusiness.com/sports/some-nfl-veterans-prosper-as-business-season-begins,//www.foxbusiness.com/sports/nfl-linebacker-cassius-marsh-magic-the-gathering-business,//www.foxbusiness.com/sports/how-cardinals-robert-alford-made-nearly-15m-without-ever-playing-a-game,//www.foxbusiness.com/sports/rob-gronkowski-digital-trading-cards-nft-craze,//www.foxbusiness.com/sports/tom-brady-signed-rookie-card-millions-auction,//www.foxbusiness.com/technology/samsung-512-gb-ddr5-ram,//www.foxbusiness.com/markets/barstools-dave-portnoy-backs-new-buzz-etf,//www.foxbusiness.com/business-leaders/fmr-google-ceo-says-china-is-winning-ai-race-us-needs-to-do-more,//www.foxbusiness.com/technology/ai-panel-urges-us-to-boost-tech-skills-amid-chinas-rise,//www.foxbusiness.com/healthcare/ibm-explores-sale-of-watson-health,//www.foxbusiness.com/economy/biden-infrastructure-plan-details-pittsburgh,//www.foxbusiness.com/politics/kayleigh-mcenany-biden-avoiding-press-questions-staff-no-faith,//www.foxbusiness.com/politics/jamaal-bowman-took-pay-from-his-campaign-after-promising-not-to-fec-records,//www.foxbusiness.com/politics/political-ad-spending-election-season-over,//www.foxbusiness.com/politics/hallmark-sens-hawley-marshall-return-pac-donations,//video.foxbusiness.com/v/6134452204001/,//video.foxbusiness.com/v/5809752521001/,//video.foxbusiness.com/v/4680113937001/,//video.foxbusiness.com/v/3291452062001/,//video.foxbusiness.com/v/2289340719001/,//www.foxbusiness.com/lifestyle/singer-boy-george-nft-art,//www.foxbusiness.com/lifestyle/ntf-art-70-million,//www.foxbusiness.com/technology/elon-musk-reverses-course-selling-nft-song,//www.foxbusiness.com/lifestyle/one-year-later-broadway-remains-dark,//www.foxbusiness.com/economy/nyc-entertainment-venues-to-reopen-at-low-capacity-starting-april-2","Larry Kudlow warns Biden tax plan would ignite ‘class warfare’,Ever Given, container ship stuck in Suez Canal, 'partially refloated',Biden administration working on vaccine passports to pave way for travel,COVID was supposed to drive bankruptcies higher -- the opposite happened,Credit Suisse warns on “highly significant” loss tied to hedge fund,Governor threatens to sue US if cruise ship ban isn't lifted,Silicon Valley opposes effort to replace Newsom with 'Trump Republican',Moats, trampolines and crazy pools: Landscapers recall wildest requests,Real estate listing with 'witch's steps' goes viral,Amazon aware that workers allegedly defecating in bags, documents show,Robocalls are back with a vengeance: How to stop them,Record number of homebuyers moving away from expensive coastal cities,Buttigieg suggests 'vehicle miles tax' to pay for infrastructure projects,Mall faces financial woes from theme-park investments; solutions proposed,Jerry Seinfeld is asking $14.95 million for 27-acre Colorado property,Biden admin will impose new rules on meat industry: expert,Suez Canal authorities prep new attempts to free ship as questions swirl,New trade representative says US isn’t ready to lift China tariffs,Marriott CEO says jobs 'absolutely' coming back; company is 'actively hiring',Some Alaska Costco shoppers say ravens steal their groceries,Virtual learning leading students to cheat more often,Eric Spinato: Friend and beloved Fox colleague,Here's what you can get for $1M in Bend, Oregon,British Airways offers first class dining experience with new meal kits,Suez Canal traffic halt could raise prices of goods, jolt US economy,Big Tech's outsized influence draws state-level pushback,New strategies planned to free huge vessel blocking Suez Canal,Amazon swipes at Sanders over minimum wage, Warren over 'loopholes' comment,Deutsche Bank can sue Madoff feeder funds over $1.6B claims sale,$15-an-hour minimum wage could further sting teen employment,Stimulus checks for 30M Social Security recipients could go out soon after delay,Bing Crosby's onetime Bay Area home hits the market for $13.75 million,Most Americans who negotiate a medical bill see it reduce or drop entirely: survey,IRS says face masks, hand sanitizer are tax-deductible medical expenses,IPO buys for Sofi members coming,Boeing resumes 787 Dreamliner deliveries,States taxing business on federal jobs relief package,California 'fed up' with Dems, can flip from blue to red: Ric Grenell,Justices say accident victims can sue Ford in state courts,Elizabeth Warren clashes with Amazon on Twitter,Ford F-150 factory idle this weekend due to chip shortage,Payne: Democrats hijack Black history to further their own agenda,From tech to financials, where should you be investing right now?,Stimulus payments are a 'serious problem': Economist,Dems will increase national debt with infrastructure bill payment plan: Rep. Issa,Stimulus bill is 're-entry to a welfare state': Walser Wealth Management president,
Stocks futures slide as banks warn of significant losses tied to hedge fund's liquidation,Credit Suisse warns on “highly significant” loss tied to hedge fund,Amazon vote, Biden's infrastructure plan and jobs report top week ahead,Stock Futures Drop as Banks Warn of Losses,Suez Canal authorities prep new attempts to free ship as questions swirl around cause of grounding,Can't afford your mortgage right now? Here's what you can do,$15-an-hour minimum wage could further sting teen employment,How to help your adult kids build their own credit,If you want to buy land, consider these factors,Biden tax hikes could dampen strong stock market: Investment expert,Moats, trampolines and crazy pools: The wildest requests pro landscapers have fielded,Marriott CEO says jobs 'absolutely' coming back, company 'actively hiring' in select markets,
Real estate listing's bizarre staircase has supernatural origins, according to social media users,Virtual learning leading students to cheat more often,NY mall faces financial woes from theme-park investments, but vaccine rollout gives hope,Jerry Seinfeld is asking $14.95 million for 27-acre Colorado property,Bing Crosby's onetime Bay Area home hits the market for $13.75 million,Here's what you can get for $1M in Bend, Oregon,Steve Wynn company flips Palm Beach, Florida home for $5.2M profit after 3 months,Billionaire In-N-Out owner lists California estate for nearly $17 million,Michigan health director receives payout despite resignation: Report,Valentino sued for $207M for pandemic closing of its New York City boutique,Roku taps Quibi to fight streaming wars as it hunts for other deals,Carl Icahn eyes scandal mired FirstEnergy,CEO confidence in U.S. economic outlook reaches 17-year high,Amazon aware that workers allegedly pee in water bottles, documents show; company pushes back,Big Tech's outsized influence draws state-level pushback,Robocalls are back with a vengeance: How to stop them,Microsoft, Discord talk $10B deal,Scalise grills Dorsey about blocking NY Post article on Hunter Biden,Atlanta's Magic City Kitchen welcomes Lou Williams after Hawks trade, controversial summer strip club pop-in,MLB star Fernando Tatis Jr. plans NFT release next month,Abilene Christian earned big bucks in brief March Madness appearance, school president says,Nike denies using textiles from Uyghur Muslim camps in China,Some NFL veterans prosper as business season begins,PPP loans extended for small businesses until May 31,Virginia restaurant owner who defied COVID orders labeled 'imminent threat' to the community,States taxing business on federal jobs relief package,NYC billboard rips Biden's proposed tax hike for small businesses: 'Not on our watch!',New SBA head plans changes at agency; focus now is COVID-19,Can't afford your mortgage right now? Here's what you can do,Coronavirus was supposed to drive bankruptcies higher. The opposite happened.,Most Americans who negotiate a medical bill see it reduce or drop entirely: survey,How to help your adult kids build their own credit,If you want to buy land, consider these factors,Jerry Seinfeld is asking $14.95 million for 27-acre Colorado property,Bing Crosby's onetime Bay Area home hits the market for $13.75 million,Here's what you can get for $1M in Bend, Oregon,Steve Wynn company flips Palm Beach, Florida home for $5.2M profit after 3 months,Shaq re-lists Florida home for $16.5M after sale falls through,Silicon Valley leaders oppose 'politically motivated' Newsom recall in letter,Jerry Seinfeld is asking $14.95 million for 27-acre Colorado property,Bing Crosby's onetime Bay Area home hits the market for $13.75 million,Steve Wynn company flips Palm Beach, Florida home for $5.2M profit after 3 months,Shaq re-lists Florida home for $16.5M after sale falls through,Facebook reveals more details about future smart glasses that Mark Zuckerberg says will ‘teleport’ you,Best Buy restocks PS5, Xbox but are sold out within minutes,Ford trucks' built-in generators power Texas homes after winter storm causes power outages,Ford F-150 production hit by chip shortage,GM hit by chip shortage, will cut production at 4 factories,Can't afford your mortgage right now? Here's what you can do,How to help your adult kids build their own credit,If you want to buy land, consider these factors,Today's mortgage refinance rates stay historically low overall | March 26, 2021,Today's mortgage rates continue to hover at historical lows | March 26, 2021,Facebook reveals more details about future smart glasses that Mark Zuckerberg says will ‘teleport’ you,NBA makes blockchain play with Mark Cuban, other team owners: Report,Crypto industry to Biden: 'Criminals we are not',Flying taxi network in LA could take off soon,AI panel urges US to boost tech skills amid China’s rise,Virtual learning leading students to cheat more often,Why older Americans with student loan debt might want to consider refinancing,University of Phoenix students to receive $50M in tuition refunds as part of 2019 FTC settlement,3 tips on making extra student loan payments,Colleges face court challenges over COVID-19 crackdowns on students,Can't afford your mortgage right now? Here's what you can do,Here's what you can get for $1M in Bend, Oregon,
Record number of homebuyers moving away from expensive coastal cities,If you want to buy land, consider these factors,Billionaire In-N-Out owner lists California estate for nearly $17 million,Investor: Key to retirement saving is the 'power' of compound interest,How to save for retirement,Trump administration reviewing Obama-era decision to terminate Delphi pension plans,
Retirement planning amid coronavirus crisis,Expert shares investment ideas for the aging population,Hong Kong protests could impact trade talks,Eric Trump: The American Dream is alive and well,Judge dismisses high-tax states' lawsuit against Trump tax deduction limits,Sanders wants to raise taxes on companies that have large pay gaps between CEOs, employees,Rudy Giuliani continues lobbing bribery allegations at Biden,Czech billionaire Kellner killed in Alaska helicopter crash,
Marriott CEO says jobs 'absolutely' coming back, company 'actively hiring' in select markets,Silicon Valley leaders oppose 'politically motivated' Newsom recall in letter,Amazon aware that workers allegedly pee in water bottles, documents show; company pushes back,Eric Spinato: Friend and beloved Fox colleague,Biden administration working with industry to develop COVID-19 'passports' as vaccinations progress,
Marriott CEO says jobs 'absolutely' coming back, company 'actively hiring' in select markets,British Airways offers first class dining experience with new meal kits,Record number of homebuyers moving away from expensive coastal cities,Caesars puts pandemic losses at $2B, wants insurers to pay,Stocks futures slide as banks warn of significant losses tied to hedge fund's liquidation,Dow, S&P, transports hit record in winning week,IPO buys for Sofi members coming,WeWork agrees to $9B SPAC deal in push for stock-market listing,Suez Canal blockage forces operators to reroute ships,Some Alaska Costco shoppers say ravens steal their groceries,British Airways offers first class dining experience with new meal kits,Atlanta's Magic City Kitchen welcomes Lou Williams after Hawks trade, controversial summer strip club pop-in,Billionaire In-N-Out owner lists California estate for nearly $17 million,Costco offering 2-course Easter dinner for delivery — here’s how much it costs,Some NFL veterans prosper as business season begins,NFL linebacker Cassius Marsh turns passion for Magic: The Gathering, trading cards into business,How Cardinals' Robert Alford made nearly $15M without playing a game,Rob Gronkowski to offer exclusive digital trading cards amid NFT craze,
Tom Brady-signed rookie card sells for pretty penny, with another gaining steam,Samsung announces cutting-edge 512 GB DDR5 RAM module,Barstool's Portnoy backs new BUZZ ETF,Former Google CEO: China is winning AI race, US must do more,AI panel urges US to boost tech skills amid China’s rise,IBM explores sale of Watson Health,Biden to unveil multi-trillion dollar infrastructure plan in Pittsburgh next week,Kayleigh McEnany says Biden avoiding press questions because his staff has no ‘faith’ in him,Jamaal Bowman took pay from his campaign after promising not to: FEC records,Political ad spending continues despite end of election season,
Hallmark asks Sens. Hawley, Marshall to return PAC donations,Trump celebrates US being energy independent,The Trump-Putin summit: What can the US hope to gain?,Dividend plays to boost investors’ portfolios,Bill Koch talks fracking,More Volatility Ahead for Oil?,Singer Boy George calls NFTs a 'new and exciting' way to enjoy art,How 2 friends made art history buying a $70M digital work,Elon Musk reverses course on selling NFT song,Broadway theaters remain closed, on anniversary of COVID-19 lockdown,NYC entertainment venues to reopen at low capacity starting April 2"
